[
  {
    "id": 4,
    "name": "Big Time",
    "description": "Largest Land Owner",
    "link": "https://bigtime.gg/"
  },
  {
    "id": 2,
    "name": "Defi Kingdoms",
    "description": "Over $15mm in Tokens & Assets",
    "link": "https://defikingdoms.com/"
  },
  {
    "id": 13,
    "name": "The Otherside",
    "description": "Metaverse game",
    "link": "https://otherside.xyz/"
  },
  {
    "id": 1,
    "name": "Axie Infinity",
    "description": "Land & NFT Yield Farming",
    "link": "https://axieinfinity.com/"
  },
  {
    "id": 14,
    "name": "Nyan Heroes",
    "description": "NFT based shooter",
    "link": "https://nyanheroes.com/"
  },
  {
    "id": 15,
    "name": "Sandbox",
    "description": "Metaverse game",
    "link": "https://www.sandbox.game/"
  },
  {
    "id": 12,
    "name": "Guild of Guardians",
    "description": "Mobile P2E MMORPG",
    "link": "https://www.guildofguardians.com/"
  },
  {
    "id": 7,
    "name": "Wolf Game",
    "description": "NFT Strategy Game",
    "link": "https://wolf.game/"
  },
  {
    "id": 6,
    "name": "Thetan Arena",
    "description": "#1 P2E MOBA",
    "link": "https://thetanarena.com/"
  },
  {
    "id": 9,
    "name": "Crabada",
    "description": "Idle Based P2E",
    "link": "https://www.crabada.com/"
  },
  {
    "id": 10,
    "name": "Aurory",
    "description": "Solana #1 RPG",
    "link": "https://aurory.io/"
  },
  {
    "id": 8,
    "name": "Creepz",
    "description": "Passive Yield Farming",
    "link": "https://www.creepz.co/"
  }
]
