[
  {
    "inputs": [
      {
        "internalType": "contract JoyToken",
        "name": "_joyToken",
        "type": "address"
      },
      {
        "internalType": "contract XJoyToken",
        "name": "_xJoyToken",
        "type": "address"
      },
      {
        "components": [
          {
            "internalType": "uint256",
            "name": "releasePercentBasisPoints",
            "type": "uint256"
          },
          {
            "internalType": "uint256",
            "name": "cliff",
            "type": "uint256"
          },
          {
            "internalType": "uint256",
            "name": "releaseStep",
            "type": "uint256"
          },
          {
            "internalType": "uint256",
            "name": "vestingCloseTimeline",
            "type": "uint256"
          }
        ],
        "internalType": "struct Presale.VestingInfo[]",
        "name": "_vestingInfo",
        "type": "tuple[]"
      },
      {
        "internalType": "uint256",
        "name": "_initialVestingType",
        "type": "uint256"
      },
      {
        "internalType": "address",
        "name": "_treasuryAddress",
        "type": "address"
      }
    ],
    "stateMutability": "nonpayable",
    "type": "constructor"
  },
  {
    "inputs": [],
    "name": "COINS_NOT_SET",
    "type": "error"
  },
  {
    "inputs": [],
    "name": "MIN_ONE_CENT",
    "type": "error"
  },
  {
    "inputs": [],
    "name": "NOTHING_TO_WITHDRAW",
    "type": "error"
  },
  {
    "inputs": [],
    "name": "ONLY_OWNER",
    "type": "error"
  },
  {
    "inputs": [],
    "name": "PAIR_NOT_SET",
    "type": "error"
  },
  {
    "inputs": [],
    "name": "SALE_NOT_LIVE",
    "type": "error"
  },
  {
    "inputs": [],
    "name": "STILL_VESTING",
    "type": "error"
  },
  {
    "inputs": [],
    "name": "WRONG_ADDRESS",
    "type": "error"
  },
  {
    "inputs": [],
    "name": "WRONG_VESTING_TYPE",
    "type": "error"
  },
  {
    "anonymous": false,
    "inputs": [
      {
        "indexed": true,
        "internalType": "bytes32",
        "name": "role",
        "type": "bytes32"
      },
      {
        "indexed": true,
        "internalType": "bytes32",
        "name": "previousAdminRole",
        "type": "bytes32"
      },
      {
        "indexed": true,
        "internalType": "bytes32",
        "name": "newAdminRole",
        "type": "bytes32"
      }
    ],
    "name": "RoleAdminChanged",
    "type": "event"
  },
  {
    "anonymous": false,
    "inputs": [
      {
        "indexed": true,
        "internalType": "bytes32",
        "name": "role",
        "type": "bytes32"
      },
      {
        "indexed": true,
        "internalType": "address",
        "name": "account",
        "type": "address"
      },
      {
        "indexed": true,
        "internalType": "address",
        "name": "sender",
        "type": "address"
      }
    ],
    "name": "RoleGranted",
    "type": "event"
  },
  {
    "anonymous": false,
    "inputs": [
      {
        "indexed": true,
        "internalType": "bytes32",
        "name": "role",
        "type": "bytes32"
      },
      {
        "indexed": true,
        "internalType": "address",
        "name": "account",
        "type": "address"
      },
      {
        "indexed": true,
        "internalType": "address",
        "name": "sender",
        "type": "address"
      }
    ],
    "name": "RoleRevoked",
    "type": "event"
  },
  {
    "anonymous": false,
    "inputs": [
      {
        "indexed": true,
        "internalType": "address",
        "name": "purchaser",
        "type": "address"
      },
      {
        "indexed": false,
        "internalType": "uint256",
        "name": "coinAmount",
        "type": "uint256"
      },
      {
        "indexed": false,
        "internalType": "uint256",
        "name": "tokenAmount",
        "type": "uint256"
      }
    ],
    "name": "TokensPurchased",
    "type": "event"
  },
  {
    "anonymous": false,
    "inputs": [
      {
        "indexed": true,
        "internalType": "address",
        "name": "purchaser",
        "type": "address"
      },
      {
        "indexed": false,
        "internalType": "uint256",
        "name": "tokenAmount",
        "type": "uint256"
      }
    ],
    "name": "TokensWithdrawn",
    "type": "event"
  },
  {
    "anonymous": false,
    "inputs": [
      {
        "indexed": true,
        "internalType": "uint256",
        "name": "level",
        "type": "uint256"
      }
    ],
    "name": "VestingTypeAdded",
    "type": "event"
  },
  {
    "anonymous": false,
    "inputs": [
      {
        "indexed": true,
        "internalType": "uint256",
        "name": "level",
        "type": "uint256"
      }
    ],
    "name": "VestingTypeChanged",
    "type": "event"
  },
  {
    "inputs": [],
    "name": "DEFAULT_ADMIN_ROLE",
    "outputs": [
      {
        "internalType": "bytes32",
        "name": "",
        "type": "bytes32"
      }
    ],
    "stateMutability": "view",
    "type": "function"
  },
  {
    "inputs": [],
    "name": "USDC_Address",
    "outputs": [
      {
        "internalType": "address",
        "name": "",
        "type": "address"
      }
    ],
    "stateMutability": "view",
    "type": "function"
  },
  {
    "inputs": [],
    "name": "USDT_Address",
    "outputs": [
      {
        "internalType": "address",
        "name": "",
        "type": "address"
      }
    ],
    "stateMutability": "view",
    "type": "function"
  },
  {
    "inputs": [
      {
        "internalType": "address",
        "name": "_admin",
        "type": "address"
      }
    ],
    "name": "addAdmin",
    "outputs": [],
    "stateMutability": "nonpayable",
    "type": "function"
  },
  {
    "inputs": [
      {
        "internalType": "address",
        "name": "_addr",
        "type": "address"
      },
      {
        "internalType": "uint256",
        "name": "_vestingIndex",
        "type": "uint256"
      },
      {
        "internalType": "uint256",
        "name": "_depositedTime",
        "type": "uint256"
      },
      {
        "internalType": "uint256",
        "name": "_depositedAmount",
        "type": "uint256"
      },
      {
        "internalType": "uint256",
        "name": "_purchasedAmount",
        "type": "uint256"
      },
      {
        "internalType": "uint256",
        "name": "_withdrawnAmount",
        "type": "uint256"
      }
    ],
    "name": "addPurchase",
    "outputs": [],
    "stateMutability": "nonpayable",
    "type": "function"
  },
  {
    "inputs": [
      {
        "internalType": "address",
        "name": "_purchaserAddr",
        "type": "address"
      },
      {
        "internalType": "uint256",
        "name": "_vestingIndex",
        "type": "uint256"
      },
      {
        "internalType": "uint256",
        "name": "_depositedTime",
        "type": "uint256"
      },
      {
        "internalType": "uint256",
        "name": "_depositedAmount",
        "type": "uint256"
      },
      {
        "internalType": "uint256",
        "name": "_purchasedAmount",
        "type": "uint256"
      },
      {
        "internalType": "bool",
        "name": "_transferToken",
        "type": "bool"
      }
    ],
    "name": "addPurchaser",
    "outputs": [],
    "stateMutability": "nonpayable",
    "type": "function"
  },
  {
    "inputs": [
      {
        "internalType": "address[]",
        "name": "_purchaserAddress",
        "type": "address[]"
      },
      {
        "components": [
          {
            "internalType": "uint256",
            "name": "vestingType",
            "type": "uint256"
          },
          {
            "internalType": "uint256",
            "name": "depositedAmount",
            "type": "uint256"
          },
          {
            "internalType": "uint256",
            "name": "purchasedAmount",
            "type": "uint256"
          },
          {
            "internalType": "uint256",
            "name": "depositTime",
            "type": "uint256"
          }
        ],
        "internalType": "struct Presale.DepositInfo[]",
        "name": "_purchaserList",
        "type": "tuple[]"
      },
      {
        "internalType": "bool",
        "name": "_transferToken",
        "type": "bool"
      }
    ],
    "name": "addPurchasers",
    "outputs": [],
    "stateMutability": "nonpayable",
    "type": "function"
  },
  {
    "inputs": [
      {
        "components": [
          {
            "internalType": "uint256",
            "name": "releasePercentBasisPoints",
            "type": "uint256"
          },
          {
            "internalType": "uint256",
            "name": "cliff",
            "type": "uint256"
          },
          {
            "internalType": "uint256",
            "name": "releaseStep",
            "type": "uint256"
          },
          {
            "internalType": "uint256",
            "name": "vestingCloseTimeline",
            "type": "uint256"
          }
        ],
        "internalType": "struct Presale.VestingInfo",
        "name": "_vestingType",
        "type": "tuple"
      }
    ],
    "name": "addVestingType",
    "outputs": [],
    "stateMutability": "nonpayable",
    "type": "function"
  },
  {
    "inputs": [
      {
        "internalType": "address",
        "name": "_userAddr",
        "type": "address"
      }
    ],
    "name": "calcWithdrawalAmount",
    "outputs": [
      {
        "internalType": "uint256",
        "name": "",
        "type": "uint256"
      }
    ],
    "stateMutability": "view",
    "type": "function"
  },
  {
    "inputs": [
      {
        "internalType": "address",
        "name": "_newOwner",
        "type": "address"
      }
    ],
    "name": "changeOwnership",
    "outputs": [],
    "stateMutability": "nonpayable",
    "type": "function"
  },
  {
    "inputs": [
      {
        "internalType": "address",
        "name": "_address",
        "type": "address"
      }
    ],
    "name": "checkVestingPeriod",
    "outputs": [
      {
        "internalType": "bool",
        "name": "",
        "type": "bool"
      }
    ],
    "stateMutability": "view",
    "type": "function"
  },
  {
    "inputs": [],
    "name": "currentVestingType",
    "outputs": [
      {
        "internalType": "uint256",
        "name": "",
        "type": "uint256"
      }
    ],
    "stateMutability": "view",
    "type": "function"
  },
  {
    "inputs": [
      {
        "internalType": "uint256",
        "name": "_coinAmount",
        "type": "uint256"
      },
      {
        "internalType": "uint256",
        "name": "_coinIndex",
        "type": "uint256"
      }
    ],
    "name": "deposit",
    "outputs": [],
    "stateMutability": "nonpayable",
    "type": "function"
  },
  {
    "inputs": [
      {
        "internalType": "address",
        "name": "_address",
        "type": "address"
      }
    ],
    "name": "depositHistory",
    "outputs": [
      {
        "components": [
          {
            "internalType": "uint256",
            "name": "vestingType",
            "type": "uint256"
          },
          {
            "internalType": "uint256",
            "name": "depositedAmount",
            "type": "uint256"
          },
          {
            "internalType": "uint256",
            "name": "purchasedAmount",
            "type": "uint256"
          },
          {
            "internalType": "uint256",
            "name": "depositTime",
            "type": "uint256"
          }
        ],
        "internalType": "struct Presale.DepositInfo[]",
        "name": "",
        "type": "tuple[]"
      }
    ],
    "stateMutability": "view",
    "type": "function"
  },
  {
    "inputs": [
      {
        "internalType": "bytes32",
        "name": "role",
        "type": "bytes32"
      }
    ],
    "name": "getRoleAdmin",
    "outputs": [
      {
        "internalType": "bytes32",
        "name": "",
        "type": "bytes32"
      }
    ],
    "stateMutability": "view",
    "type": "function"
  },
  {
    "inputs": [
      {
        "internalType": "bytes32",
        "name": "role",
        "type": "bytes32"
      },
      {
        "internalType": "address",
        "name": "account",
        "type": "address"
      }
    ],
    "name": "grantRole",
    "outputs": [],
    "stateMutability": "nonpayable",
    "type": "function"
  },
  {
    "inputs": [
      {
        "internalType": "bytes32",
        "name": "role",
        "type": "bytes32"
      },
      {
        "internalType": "address",
        "name": "account",
        "type": "address"
      }
    ],
    "name": "hasRole",
    "outputs": [
      {
        "internalType": "bool",
        "name": "",
        "type": "bool"
      }
    ],
    "stateMutability": "view",
    "type": "function"
  },
  {
    "inputs": [
      {
        "internalType": "address",
        "name": "_address",
        "type": "address"
      }
    ],
    "name": "isLocked",
    "outputs": [
      {
        "internalType": "bool",
        "name": "",
        "type": "bool"
      }
    ],
    "stateMutability": "view",
    "type": "function"
  },
  {
    "inputs": [],
    "name": "joyToken",
    "outputs": [
      {
        "internalType": "contract JoyToken",
        "name": "",
        "type": "address"
      }
    ],
    "stateMutability": "view",
    "type": "function"
  },
  {
    "inputs": [],
    "name": "owner",
    "outputs": [
      {
        "internalType": "address",
        "name": "",
        "type": "address"
      }
    ],
    "stateMutability": "view",
    "type": "function"
  },
  {
    "inputs": [
      {
        "internalType": "uint256",
        "name": "_joyAmount",
        "type": "uint256"
      }
    ],
    "name": "pairInfo",
    "outputs": [
      {
        "internalType": "uint256",
        "name": "joyAmountStar",
        "type": "uint256"
      }
    ],
    "stateMutability": "view",
    "type": "function"
  },
  {
    "inputs": [
      {
        "internalType": "uint256",
        "name": "",
        "type": "uint256"
      }
    ],
    "name": "purchaserAddress",
    "outputs": [
      {
        "internalType": "address",
        "name": "",
        "type": "address"
      }
    ],
    "stateMutability": "view",
    "type": "function"
  },
  {
    "inputs": [
      {
        "internalType": "address",
        "name": "",
        "type": "address"
      }
    ],
    "name": "purchaserList",
    "outputs": [
      {
        "internalType": "uint256",
        "name": "firstDepositTime",
        "type": "uint256"
      },
      {
        "internalType": "uint256",
        "name": "firstUnlockTime",
        "type": "uint256"
      },
      {
        "internalType": "uint256",
        "name": "vestingTimeFinish",
        "type": "uint256"
      },
      {
        "internalType": "uint256",
        "name": "withdrawnAmount",
        "type": "uint256"
      }
    ],
    "stateMutability": "view",
    "type": "function"
  },
  {
    "inputs": [
      {
        "internalType": "address",
        "name": "_admin",
        "type": "address"
      }
    ],
    "name": "removeAdmin",
    "outputs": [],
    "stateMutability": "nonpayable",
    "type": "function"
  },
  {
    "inputs": [
      {
        "internalType": "bytes32",
        "name": "role",
        "type": "bytes32"
      },
      {
        "internalType": "address",
        "name": "account",
        "type": "address"
      }
    ],
    "name": "renounceRole",
    "outputs": [],
    "stateMutability": "nonpayable",
    "type": "function"
  },
  {
    "inputs": [
      {
        "internalType": "bytes32",
        "name": "role",
        "type": "bytes32"
      },
      {
        "internalType": "address",
        "name": "account",
        "type": "address"
      }
    ],
    "name": "revokeRole",
    "outputs": [],
    "stateMutability": "nonpayable",
    "type": "function"
  },
  {
    "inputs": [],
    "name": "sale",
    "outputs": [
      {
        "internalType": "bool",
        "name": "",
        "type": "bool"
      }
    ],
    "stateMutability": "view",
    "type": "function"
  },
  {
    "inputs": [
      {
        "internalType": "bool",
        "name": "_start",
        "type": "bool"
      }
    ],
    "name": "startSale",
    "outputs": [],
    "stateMutability": "nonpayable",
    "type": "function"
  },
  {
    "inputs": [
      {
        "internalType": "bytes4",
        "name": "interfaceId",
        "type": "bytes4"
      }
    ],
    "name": "supportsInterface",
    "outputs": [
      {
        "internalType": "bool",
        "name": "",
        "type": "bool"
      }
    ],
    "stateMutability": "view",
    "type": "function"
  },
  {
    "inputs": [
      {
        "internalType": "uint256",
        "name": "_vestingType",
        "type": "uint256"
      }
    ],
    "name": "switchVesting",
    "outputs": [],
    "stateMutability": "nonpayable",
    "type": "function"
  },
  {
    "inputs": [],
    "name": "totalPurchasers",
    "outputs": [
      {
        "internalType": "uint256",
        "name": "",
        "type": "uint256"
      }
    ],
    "stateMutability": "view",
    "type": "function"
  },
  {
    "inputs": [],
    "name": "treasuryAddress",
    "outputs": [
      {
        "internalType": "address",
        "name": "",
        "type": "address"
      }
    ],
    "stateMutability": "view",
    "type": "function"
  },
  {
    "inputs": [
      {
        "internalType": "address",
        "name": "_treasuryAddress",
        "type": "address"
      }
    ],
    "name": "updateTreasury",
    "outputs": [],
    "stateMutability": "nonpayable",
    "type": "function"
  },
  {
    "inputs": [
      {
        "internalType": "uint256",
        "name": "",
        "type": "uint256"
      }
    ],
    "name": "vestingList",
    "outputs": [
      {
        "internalType": "uint256",
        "name": "releasePercentBasisPoints",
        "type": "uint256"
      },
      {
        "internalType": "uint256",
        "name": "cliff",
        "type": "uint256"
      },
      {
        "internalType": "uint256",
        "name": "releaseStep",
        "type": "uint256"
      },
      {
        "internalType": "uint256",
        "name": "vestingCloseTimeline",
        "type": "uint256"
      }
    ],
    "stateMutability": "view",
    "type": "function"
  },
  {
    "inputs": [],
    "name": "withdraw",
    "outputs": [],
    "stateMutability": "nonpayable",
    "type": "function"
  },
  {
    "inputs": [
      {
        "internalType": "address",
        "name": "_treasury",
        "type": "address"
      }
    ],
    "name": "withdrawAllCoins",
    "outputs": [],
    "stateMutability": "nonpayable",
    "type": "function"
  },
  {
    "inputs": [
      {
        "internalType": "address",
        "name": "_treasury",
        "type": "address"
      }
    ],
    "name": "withdrawAllxJoyTokens",
    "outputs": [],
    "stateMutability": "nonpayable",
    "type": "function"
  },
  {
    "inputs": [],
    "name": "xJoyToken",
    "outputs": [
      {
        "internalType": "contract XJoyToken",
        "name": "",
        "type": "address"
      }
    ],
    "stateMutability": "view",
    "type": "function"
  }
]